Date_reported,Country_code,Country,WHO_region,New_cases,Cumulative_cases,New_deaths,Cumulative_deaths
1/3/20,IN,India,SEARO,0,0,0,0
1/4/20,IN,India,SEARO,0,0,0,0
1/5/20,IN,India,SEARO,0,0,0,0
1/6/20,IN,India,SEARO,0,0,0,0
1/7/20,IN,India,SEARO,0,0,0,0
1/8/20,IN,India,SEARO,0,0,0,0
1/9/20,IN,India,SEARO,0,0,0,0
1/10/20,IN,India,SEARO,0,0,0,0
1/11/20,IN,India,SEARO,0,0,0,0
1/12/20,IN,India,SEARO,0,0,0,0
1/13/20,IN,India,SEARO,0,0,0,0
1/14/20,IN,India,SEARO,0,0,0,0
1/15/20,IN,India,SEARO,0,0,0,0
1/16/20,IN,India,SEARO,0,0,0,0
1/17/20,IN,India,SEARO,0,0,0,0
1/18/20,IN,India,SEARO,0,0,0,0
1/19/20,IN,India,SEARO,0,0,0,0
1/20/20,IN,India,SEARO,0,0,0,0
1/21/20,IN,India,SEARO,0,0,0,0
1/22/20,IN,India,SEARO,0,0,0,0
1/23/20,IN,India,SEARO,0,0,0,0
1/24/20,IN,India,SEARO,0,0,0,0
1/25/20,IN,India,SEARO,0,0,0,0
1/26/20,IN,India,SEARO,0,0,0,0
1/27/20,IN,India,SEARO,0,0,0,0
1/28/20,IN,India,SEARO,0,0,0,0
1/29/20,IN,India,SEARO,0,0,0,0
1/30/20,IN,India,SEARO,1,1,0,0
1/31/20,IN,India,SEARO,4,5,0,0
2/1/20,IN,India,SEARO,0,5,0,0
2/2/20,IN,India,SEARO,-3,2,0,0
2/3/20,IN,India,SEARO,1,3,0,0
2/4/20,IN,India,SEARO,4,7,0,0
2/5/20,IN,India,SEARO,0,7,0,0
2/6/20,IN,India,SEARO,0,7,0,0
2/7/20,IN,India,SEARO,0,7,0,0
2/8/20,IN,India,SEARO,0,7,0,0
2/9/20,IN,India,SEARO,0,7,0,0
2/10/20,IN,India,SEARO,0,7,0,0
2/11/20,IN,India,SEARO,0,7,0,0
2/12/20,IN,India,SEARO,0,7,0,0
2/13/20,IN,India,SEARO,0,7,0,0
2/14/20,IN,India,SEARO,0,7,0,0
2/15/20,IN,India,SEARO,0,7,0,0
2/16/20,IN,India,SEARO,0,7,0,0
2/17/20,IN,India,SEARO,0,7,0,0
2/18/20,IN,India,SEARO,0,7,0,0
2/19/20,IN,India,SEARO,0,7,0,0
2/20/20,IN,India,SEARO,0,7,0,0
2/21/20,IN,India,SEARO,0,7,0,0
2/22/20,IN,India,SEARO,0,7,0,0
2/23/20,IN,India,SEARO,0,7,0,0
2/24/20,IN,India,SEARO,0,7,0,0
2/25/20,IN,India,SEARO,0,7,0,0
2/26/20,IN,India,SEARO,0,7,0,0
2/27/20,IN,India,SEARO,0,7,0,0
2/28/20,IN,India,SEARO,0,7,0,0
2/29/20,IN,India,SEARO,0,7,0,0
3/1/20,IN,India,SEARO,0,7,0,0
3/2/20,IN,India,SEARO,-2,5,0,0
3/3/20,IN,India,SEARO,4,9,0,0
3/4/20,IN,India,SEARO,19,28,0,0
3/5/20,IN,India,SEARO,1,29,0,0
3/6/20,IN,India,SEARO,2,31,0,0
3/7/20,IN,India,SEARO,3,34,0,0
3/8/20,IN,India,SEARO,5,39,0,0
3/9/20,IN,India,SEARO,5,44,0,0
3/10/20,IN,India,SEARO,6,50,0,0
3/11/20,IN,India,SEARO,10,60,0,0
3/12/20,IN,India,SEARO,13,73,0,0
3/13/20,IN,India,SEARO,8,81,1,1
3/14/20,IN,India,SEARO,3,84,1,2
3/15/20,IN,India,SEARO,23,107,0,2
3/16/20,IN,India,SEARO,7,114,0,2
3/17/20,IN,India,SEARO,23,137,1,3
3/18/20,IN,India,SEARO,14,151,0,3
3/19/20,IN,India,SEARO,22,173,1,4
3/20/20,IN,India,SEARO,50,223,0,4
3/21/20,IN,India,SEARO,60,283,0,4
3/22/20,IN,India,SEARO,77,360,3,7
3/23/20,IN,India,SEARO,74,434,2,9
3/24/20,IN,India,SEARO,85,519,0,9
3/25/20,IN,India,SEARO,87,606,1,10
3/26/20,IN,India,SEARO,43,649,3,13
3/27/20,IN,India,SEARO,75,724,4,17
3/28/20,IN,India,SEARO,185,909,2,19
3/29/20,IN,India,SEARO,70,979,6,25
3/30/20,IN,India,SEARO,92,1071,4,29
3/31/20,IN,India,SEARO,180,1251,3,32
4/1/20,IN,India,SEARO,386,1637,6,38
4/2/20,IN,India,SEARO,328,1965,12,50
4/3/20,IN,India,SEARO,336,2301,6,56
4/4/20,IN,India,SEARO,601,2902,12,68
4/5/20,IN,India,SEARO,472,3374,9,77
4/6/20,IN,India,SEARO,693,4067,32,109
4/7/20,IN,India,SEARO,354,4421,5,114
4/8/20,IN,India,SEARO,853,5274,35,149
4/9/20,IN,India,SEARO,591,5865,20,169
4/10/20,IN,India,SEARO,547,6412,30,199
4/11/20,IN,India,SEARO,1035,7447,40,239
4/12/20,IN,India,SEARO,909,8356,34,273
4/13/20,IN,India,SEARO,796,9152,35,308
4/14/20,IN,India,SEARO,1211,10363,31,339
4/15/20,IN,India,SEARO,1076,11439,38,377
4/16/20,IN,India,SEARO,941,12380,37,414
4/17/20,IN,India,SEARO,1007,13387,23,437
4/18/20,IN,India,SEARO,991,14378,43,480
4/19/20,IN,India,SEARO,1334,15712,27,507
4/20/20,IN,India,SEARO,1553,17265,36,543
4/21/20,IN,India,SEARO,1336,18601,47,590
4/22/20,IN,India,SEARO,1383,19984,50,640
4/23/20,IN,India,SEARO,1409,21393,41,681
4/24/20,IN,India,SEARO,1684,23077,37,718
4/25/20,IN,India,SEARO,1429,24506,57,775
4/26/20,IN,India,SEARO,1990,26496,49,824
4/27/20,IN,India,SEARO,1396,27892,48,872
4/28/20,IN,India,SEARO,1543,29435,62,934
4/29/20,IN,India,SEARO,1897,31332,73,1007
4/30/20,IN,India,SEARO,1718,33050,67,1074
5/1/20,IN,India,SEARO,1993,35043,73,1147
5/2/20,IN,India,SEARO,2293,37336,71,1218
5/3/20,IN,India,SEARO,2644,39980,83,1301
5/4/20,IN,India,SEARO,2553,42533,72,1373
5/5/20,IN,India,SEARO,3900,46433,195,1568
5/6/20,IN,India,SEARO,2958,49391,126,1694
5/7/20,IN,India,SEARO,3561,52952,89,1783
5/8/20,IN,India,SEARO,3390,56342,103,1886
5/9/20,IN,India,SEARO,3320,59662,95,1981
5/10/20,IN,India,SEARO,3277,62939,128,2109
5/11/20,IN,India,SEARO,4213,67152,97,2206
5/12/20,IN,India,SEARO,3604,70756,87,2293
5/13/20,IN,India,SEARO,3525,74281,122,2415
5/14/20,IN,India,SEARO,3722,78003,134,2549
5/15/20,IN,India,SEARO,3967,81970,100,2649
5/16/20,IN,India,SEARO,3970,85940,103,2752
5/17/20,IN,India,SEARO,4987,90927,120,2872
5/18/20,IN,India,SEARO,5242,96169,157,3029
5/19/20,IN,India,SEARO,4970,101139,134,3163
5/20/20,IN,India,SEARO,5611,106750,140,3303
5/21/20,IN,India,SEARO,5609,112359,132,3435
5/22/20,IN,India,SEARO,6088,118447,148,3583
5/23/20,IN,India,SEARO,6654,125101,137,3720
5/24/20,IN,India,SEARO,6767,131868,147,3867
5/25/20,IN,India,SEARO,6977,138845,154,4021
5/26/20,IN,India,SEARO,6535,145380,146,4167
5/27/20,IN,India,SEARO,6387,151767,170,4337
5/28/20,IN,India,SEARO,6566,158333,194,4531
5/29/20,IN,India,SEARO,7466,165799,175,4706
5/30/20,IN,India,SEARO,7964,173763,265,4971
5/31/20,IN,India,SEARO,8380,182143,193,5164
6/1/20,IN,India,SEARO,8392,190535,230,5394
6/2/20,IN,India,SEARO,8171,198706,204,5598
6/3/20,IN,India,SEARO,8909,207615,217,5815
6/4/20,IN,India,SEARO,9304,216919,260,6075
6/5/20,IN,India,SEARO,9851,226770,273,6348
6/6/20,IN,India,SEARO,9887,236657,294,6642
6/7/20,IN,India,SEARO,9971,246628,287,6929
6/8/20,IN,India,SEARO,9983,256611,271,7200
6/9/20,IN,India,SEARO,9987,266598,271,7471
6/10/20,IN,India,SEARO,9985,276583,274,7745
6/11/20,IN,India,SEARO,9996,286579,357,8102
6/12/20,IN,India,SEARO,10956,297535,396,8498
6/13/20,IN,India,SEARO,11458,308993,386,8884
6/14/20,IN,India,SEARO,11929,320922,311,9195
6/15/20,IN,India,SEARO,11502,332424,325,9520
6/16/20,IN,India,SEARO,10667,343091,380,9900
6/17/20,IN,India,SEARO,10974,354065,2003,11903
6/18/20,IN,India,SEARO,12881,366946,334,12237
6/19/20,IN,India,SEARO,13586,380532,336,12573
6/20/20,IN,India,SEARO,14516,395048,375,12948
6/21/20,IN,India,SEARO,15413,410461,306,13254
6/22/20,IN,India,SEARO,14821,425282,445,13699
6/23/20,IN,India,SEARO,14933,440215,312,14011
6/24/20,IN,India,SEARO,15968,456183,465,14476
6/25/20,IN,India,SEARO,16922,473105,418,14894
6/26/20,IN,India,SEARO,17296,490401,407,15301
6/27/20,IN,India,SEARO,18552,508953,384,15685
6/28/20,IN,India,SEARO,19906,528859,410,16095
6/29/20,IN,India,SEARO,19459,548318,380,16475
6/30/20,IN,India,SEARO,18522,566840,418,16893
7/1/20,IN,India,SEARO,18653,585493,507,17400
7/2/20,IN,India,SEARO,19148,604641,434,17834
7/3/20,IN,India,SEARO,20903,625544,379,18213
7/4/20,IN,India,SEARO,22771,648315,442,18655
7/5/20,IN,India,SEARO,24850,673165,613,19268
7/6/20,IN,India,SEARO,24248,697413,425,19693
7/7/20,IN,India,SEARO,22252,719665,467,20160
7/8/20,IN,India,SEARO,22752,742417,482,20642
7/9/20,IN,India,SEARO,24879,767296,487,21129
7/10/20,IN,India,SEARO,26506,793802,475,21604
7/11/20,IN,India,SEARO,27114,820916,519,22123
7/12/20,IN,India,SEARO,28637,849553,551,22674
7/13/20,IN,India,SEARO,28701,878254,500,23174
7/14/20,IN,India,SEARO,28498,906752,553,23727
7/15/20,IN,India,SEARO,29429,936181,582,24309
7/16/20,IN,India,SEARO,32695,968876,606,24915
7/17/20,IN,India,SEARO,34956,1003832,687,25602
7/18/20,IN,India,SEARO,34884,1038716,671,26273
7/19/20,IN,India,SEARO,38902,1077618,543,26816
7/20/20,IN,India,SEARO,40425,1118043,681,27497
7/21/20,IN,India,SEARO,37148,1155191,587,28084
7/22/20,IN,India,SEARO,37724,1192915,648,28732
7/23/20,IN,India,SEARO,45720,1238635,1129,29861
7/24/20,IN,India,SEARO,49310,1287945,740,30601
7/25/20,IN,India,SEARO,48916,1336861,757,31358
7/26/20,IN,India,SEARO,48661,1385522,705,32063
7/27/20,IN,India,SEARO,49931,1435453,708,32771
7/28/20,IN,India,SEARO,47703,1483156,654,33425
7/29/20,IN,India,SEARO,48513,1531669,768,34193
7/30/20,IN,India,SEARO,52123,1583792,775,34968
7/31/20,IN,India,SEARO,55078,1638870,779,35747
8/1/20,IN,India,SEARO,57118,1695988,764,36511
8/2/20,IN,India,SEARO,54735,1750723,853,37364
8/3/20,IN,India,SEARO,52972,1803695,771,38135
8/4/20,IN,India,SEARO,52050,1855745,803,38938
8/5/20,IN,India,SEARO,52509,1908254,857,39795
8/6/20,IN,India,SEARO,56282,1964536,904,40699
8/7/20,IN,India,SEARO,62538,2027074,886,41585
8/8/20,IN,India,SEARO,61537,2088611,933,42518
8/9/20,IN,India,SEARO,64399,2153010,861,43379
8/10/20,IN,India,SEARO,62064,2215074,1007,44386
8/11/20,IN,India,SEARO,53601,2268675,871,45257
8/12/20,IN,India,SEARO,60963,2329638,834,46091
8/13/20,IN,India,SEARO,66999,2396637,942,47033
8/14/20,IN,India,SEARO,64553,2461190,1007,48040
8/15/20,IN,India,SEARO,65002,2526192,996,49036
8/16/20,IN,India,SEARO,63490,2589682,944,49980
8/17/20,IN,India,SEARO,57981,2647663,941,50921
8/18/20,IN,India,SEARO,55079,2702742,876,51797
8/19/20,IN,India,SEARO,64531,2767273,1092,52889
8/20/20,IN,India,SEARO,69652,2836925,977,53866
8/21/20,IN,India,SEARO,68898,2905823,983,54849
8/22/20,IN,India,SEARO,69878,2975701,945,55794
8/23/20,IN,India,SEARO,69239,3044940,912,56706
8/24/20,IN,India,SEARO,61408,3106348,836,57542
8/25/20,IN,India,SEARO,60975,3167323,848,58390
8/26/20,IN,India,SEARO,67151,3234474,1059,59449
8/27/20,IN,India,SEARO,75760,3310234,1023,60472
8/28/20,IN,India,SEARO,77266,3387500,1057,61529
8/29/20,IN,India,SEARO,76472,3463972,1021,62550
8/30/20,IN,India,SEARO,78761,3542733,948,63498
8/31/20,IN,India,SEARO,78512,3621245,971,64469
9/1/20,IN,India,SEARO,69921,3691166,819,65288
9/2/20,IN,India,SEARO,78357,3769523,1045,66333
9/3/20,IN,India,SEARO,83883,3853406,1043,67376
9/4/20,IN,India,SEARO,83341,3936747,1096,68472
9/5/20,IN,India,SEARO,86432,4023179,1089,69561
9/6/20,IN,India,SEARO,90632,4113811,1065,70626
9/7/20,IN,India,SEARO,90802,4204613,1016,71642
9/8/20,IN,India,SEARO,75809,4280422,1133,72775
9/9/20,IN,India,SEARO,89706,4370128,1115,73890
9/10/20,IN,India,SEARO,95735,4465863,1172,75062
9/11/20,IN,India,SEARO,96551,4562414,1209,76271
9/12/20,IN,India,SEARO,97570,4659984,1201,77472
9/13/20,IN,India,SEARO,94372,4754356,1114,78586
9/14/20,IN,India,SEARO,92071,4846427,1136,79722
9/15/20,IN,India,SEARO,83809,4930236,1054,80776
9/16/20,IN,India,SEARO,90123,5020359,1290,82066
9/17/20,IN,India,SEARO,97894,5118253,1132,83198
9/18/20,IN,India,SEARO,96424,5214677,1174,84372
9/19/20,IN,India,SEARO,93337,5308014,1247,85619
9/20/20,IN,India,SEARO,92605,5400619,1133,86752
9/21/20,IN,India,SEARO,86961,5487580,1130,87882
9/22/20,IN,India,SEARO,75083,5562663,1053,88935
9/23/20,IN,India,SEARO,83347,5646010,1085,90020
9/24/20,IN,India,SEARO,86508,5732518,1129,91149
9/25/20,IN,India,SEARO,86052,5818570,1141,92290
9/26/20,IN,India,SEARO,85362,5903932,1089,93379
9/27/20,IN,India,SEARO,88600,5992532,1124,94503
9/28/20,IN,India,SEARO,82170,6074702,1039,95542
9/29/20,IN,India,SEARO,70589,6145291,776,96318
9/30/20,IN,India,SEARO,80472,6225763,1179,97497
10/1/20,IN,India,SEARO,86821,6312584,1181,98678
10/2/20,IN,India,SEARO,81484,6394068,1095,99773
10/3/20,IN,India,SEARO,79476,6473544,1069,100842
10/4/20,IN,India,SEARO,75829,6549373,940,101782
10/5/20,IN,India,SEARO,74442,6623815,903,102685
10/6/20,IN,India,SEARO,61267,6685082,884,103569
10/7/20,IN,India,SEARO,72049,6757131,986,104555
10/8/20,IN,India,SEARO,78524,6835655,971,105526
10/9/20,IN,India,SEARO,70496,6906151,964,106490
10/10/20,IN,India,SEARO,73272,6979423,926,107416
10/11/20,IN,India,SEARO,74383,7053806,918,108334
10/12/20,IN,India,SEARO,66732,7120538,816,109150
10/13/20,IN,India,SEARO,55342,7175880,706,109856
10/14/20,IN,India,SEARO,63509,7239389,730,110586
10/15/20,IN,India,SEARO,67708,7307097,680,111266
10/16/20,IN,India,SEARO,63371,7370468,895,112161
10/17/20,IN,India,SEARO,62212,7432680,837,112998
10/18/20,IN,India,SEARO,61871,7494551,1033,114031
10/19/20,IN,India,SEARO,55722,7550273,579,114610
10/20/20,IN,India,SEARO,46790,7597063,587,115197
10/21/20,IN,India,SEARO,54044,7651107,717,115914
10/22/20,IN,India,SEARO,55839,7706946,702,116616
10/23/20,IN,India,SEARO,54366,7761312,690,117306
10/24/20,IN,India,SEARO,53370,7814682,650,117956
10/25/20,IN,India,SEARO,50129,7864811,578,118534
10/26/20,IN,India,SEARO,45148,7909959,480,119014
10/27/20,IN,India,SEARO,36470,7946429,488,119502
10/28/20,IN,India,SEARO,43893,7990322,508,120010
10/29/20,IN,India,SEARO,49881,8040203,517,120527
10/30/20,IN,India,SEARO,48648,8088851,563,121090
10/31/20,IN,India,SEARO,48268,8137119,551,121641
11/1/20,IN,India,SEARO,46963,8184082,470,122111
11/2/20,IN,India,SEARO,45231,8229313,496,122607
11/3/20,IN,India,SEARO,38310,8267623,490,123097
11/4/20,IN,India,SEARO,46253,8313876,514,123611
11/5/20,IN,India,SEARO,50210,8364086,704,124315
11/6/20,IN,India,SEARO,47638,8411724,670,124985
11/7/20,IN,India,SEARO,50356,8462080,577,125562
11/8/20,IN,India,SEARO,45674,8507754,559,126121
11/9/20,IN,India,SEARO,45903,8553657,490,126611
11/10/20,IN,India,SEARO,38073,8591730,448,127059
11/11/20,IN,India,SEARO,44281,8636011,512,127571
11/12/20,IN,India,SEARO,47905,8683916,550,128121
11/13/20,IN,India,SEARO,44879,8728795,547,128668
11/14/20,IN,India,SEARO,44684,8773479,520,129188
11/15/20,IN,India,SEARO,41100,8814579,447,129635
11/16/20,IN,India,SEARO,30548,8845127,435,130070
11/17/20,IN,India,SEARO,29163,8874290,449,130519
11/18/20,IN,India,SEARO,38617,8912907,474,130993
11/19/20,IN,India,SEARO,45576,8958483,585,131578
11/20/20,IN,India,SEARO,45882,9004365,584,132162
11/21/20,IN,India,SEARO,46232,9050597,564,132726
11/22/20,IN,India,SEARO,45209,9095806,501,133227
11/23/20,IN,India,SEARO,44059,9139865,511,133738
11/24/20,IN,India,SEARO,37975,9177840,480,134218
11/25/20,IN,India,SEARO,44376,9222216,481,134699
11/26/20,IN,India,SEARO,44489,9266705,524,135223
11/27/20,IN,India,SEARO,43082,9309787,492,135715
11/28/20,IN,India,SEARO,41322,9351109,485,136200
11/29/20,IN,India,SEARO,41810,9392919,496,136696
11/30/20,IN,India,SEARO,38772,9431691,443,137139
12/1/20,IN,India,SEARO,31118,9462809,482,137621
12/2/20,IN,India,SEARO,36604,9499413,501,138122
12/3/20,IN,India,SEARO,35551,9534964,526,138648
12/4/20,IN,India,SEARO,36595,9571559,540,139188
12/5/20,IN,India,SEARO,36652,9608211,512,139700
12/6/20,IN,India,SEARO,36011,9644222,482,140182
12/7/20,IN,India,SEARO,32981,9677203,391,140573
12/8/20,IN,India,SEARO,26567,9703770,385,140958
12/9/20,IN,India,SEARO,32080,9735850,402,141360
12/10/20,IN,India,SEARO,31521,9767371,412,141772
12/11/20,IN,India,SEARO,29398,9796769,414,142186
12/12/20,IN,India,SEARO,30006,9826775,442,142628
12/13/20,IN,India,SEARO,30254,9857029,391,143019
12/14/20,IN,India,SEARO,27071,9884100,336,143355
12/15/20,IN,India,SEARO,22065,9906165,354,143709
12/16/20,IN,India,SEARO,26382,9932547,387,144096
12/17/20,IN,India,SEARO,24010,9956557,355,144451
12/18/20,IN,India,SEARO,22890,9979447,338,144789
12/19/20,IN,India,SEARO,25152,10004599,347,145136
12/20/20,IN,India,SEARO,26624,10031223,341,145477
12/21/20,IN,India,SEARO,24337,10055560,333,145810
12/22/20,IN,India,SEARO,19556,10075116,301,146111
12/23/20,IN,India,SEARO,23950,10099066,333,146444
12/24/20,IN,India,SEARO,24712,10123778,312,146756
12/25/20,IN,India,SEARO,23067,10146845,336,147092
12/26/20,IN,India,SEARO,22273,10169118,251,147343
12/27/20,IN,India,SEARO,18732,10187850,279,147622
12/28/20,IN,India,SEARO,20021,10207871,279,147901
12/29/20,IN,India,SEARO,16432,10224303,252,148153
12/30/20,IN,India,SEARO,20549,10244852,286,148439
12/31/20,IN,India,SEARO,21822,10266674,299,148738
1/1/21,IN,India,SEARO,20035,10286709,256,148994
1/2/21,IN,India,SEARO,19079,10305788,224,149218
1/3/21,IN,India,SEARO,18177,10323965,217,149435
1/4/21,IN,India,SEARO,16504,10340469,214,149649
1/5/21,IN,India,SEARO,16375,10356844,201,149850
1/6/21,IN,India,SEARO,18088,10374932,264,150114
1/7/21,IN,India,SEARO,20346,10395278,222,150336
1/8/21,IN,India,SEARO,18139,10413417,234,150570
1/9/21,IN,India,SEARO,18222,10431639,228,150798
1/10/21,IN,India,SEARO,18645,10450284,201,150999
1/11/21,IN,India,SEARO,16311,10466595,161,151160
1/12/21,IN,India,SEARO,12584,10479179,167,151327
1/13/21,IN,India,SEARO,15968,10495147,202,151529
1/14/21,IN,India,SEARO,16946,10512093,198,151727
1/15/21,IN,India,SEARO,15590,10527683,191,151918
1/16/21,IN,India,SEARO,15158,10542841,175,152093
1/17/21,IN,India,SEARO,15144,10557985,181,152274
1/18/21,IN,India,SEARO,13788,10571773,145,152419
1/19/21,IN,India,SEARO,10064,10581837,137,152556
1/20/21,IN,India,SEARO,13823,10595660,162,152718
1/21/21,IN,India,SEARO,15223,10610883,151,152869
1/22/21,IN,India,SEARO,14545,10625428,163,153032
1/23/21,IN,India,SEARO,14256,10639684,152,153184
1/24/21,IN,India,SEARO,14849,10654533,155,153339
1/25/21,IN,India,SEARO,13203,10667736,131,153470
1/26/21,IN,India,SEARO,9102,10676838,117,153587
1/27/21,IN,India,SEARO,12689,10689527,137,153724
1/28/21,IN,India,SEARO,11666,10701193,123,153847
1/29/21,IN,India,SEARO,18855,10720048,163,154010
1/30/21,IN,India,SEARO,13083,10733131,137,154147
1/31/21,IN,India,SEARO,13052,10746183,127,154274
2/1/21,IN,India,SEARO,11427,10757610,118,154392
2/2/21,IN,India,SEARO,8635,10766245,94,154486
2/3/21,IN,India,SEARO,11039,10777284,110,154596
2/4/21,IN,India,SEARO,12899,10790183,107,154703
2/5/21,IN,India,SEARO,12408,10802591,120,154823
2/6/21,IN,India,SEARO,11713,10814304,95,154918
2/7/21,IN,India,SEARO,12059,10826363,78,154996
2/8/21,IN,India,SEARO,11831,10838194,84,155080
2/9/21,IN,India,SEARO,9110,10847304,78,155158
2/10/21,IN,India,SEARO,11067,10858371,94,155252
2/11/21,IN,India,SEARO,12923,10871294,108,155360
2/12/21,IN,India,SEARO,9309,10880603,87,155447
2/13/21,IN,India,SEARO,12143,10892746,103,155550
2/14/21,IN,India,SEARO,12194,10904940,92,155642
2/15/21,IN,India,SEARO,11649,10916589,90,155732
2/16/21,IN,India,SEARO,9121,10925710,81,155813
2/17/21,IN,India,SEARO,11610,10937320,100,155913
2/18/21,IN,India,SEARO,12881,10950201,101,156014
2/19/21,IN,India,SEARO,13193,10963394,97,156111
2/20/21,IN,India,SEARO,13993,10977387,101,156212
2/21/21,IN,India,SEARO,14264,10991651,90,156302
2/22/21,IN,India,SEARO,14199,11005850,83,156385
2/23/21,IN,India,SEARO,10584,11016434,78,156463
2/24/21,IN,India,SEARO,13742,11030176,104,156567
2/25/21,IN,India,SEARO,16738,11046914,138,156705
2/26/21,IN,India,SEARO,16577,11063491,120,156825
2/27/21,IN,India,SEARO,16488,11079979,113,156938
2/28/21,IN,India,SEARO,16752,11096731,113,157051
3/1/21,IN,India,SEARO,15510,11112241,106,157157
3/2/21,IN,India,SEARO,12286,11124527,91,157248
3/3/21,IN,India,SEARO,14989,11139516,98,157346
3/4/21,IN,India,SEARO,17407,11156923,89,157435
3/5/21,IN,India,SEARO,16838,11173761,113,157548
3/6/21,IN,India,SEARO,18327,11192088,108,157656
3/7/21,IN,India,SEARO,18711,11210799,100,157756
3/8/21,IN,India,SEARO,18599,11229398,97,157853
3/9/21,IN,India,SEARO,15388,11244786,77,157930
3/10/21,IN,India,SEARO,17921,11262707,133,158063
3/11/21,IN,India,SEARO,22854,11285561,126,158189
3/12/21,IN,India,SEARO,23285,11308846,117,158306
3/13/21,IN,India,SEARO,24882,11333728,140,158446
3/14/21,IN,India,SEARO,25320,11359048,161,158607
3/15/21,IN,India,SEARO,26291,11385339,118,158725
3/16/21,IN,India,SEARO,24492,11409831,131,158856
3/17/21,IN,India,SEARO,28903,11438734,188,159044
3/18/21,IN,India,SEARO,35871,11474605,172,159216
3/19/21,IN,India,SEARO,39726,11514331,154,159370
3/20/21,IN,India,SEARO,40953,11555284,188,159558
3/21/21,IN,India,SEARO,43846,11599130,197,159755
3/22/21,IN,India,SEARO,46951,11646081,212,159967
3/23/21,IN,India,SEARO,40715,11686796,199,160166
3/24/21,IN,India,SEARO,47262,11734058,275,160441
3/25/21,IN,India,SEARO,53476,11787534,251,160692
3/26/21,IN,India,SEARO,59118,11846652,257,160949
3/27/21,IN,India,SEARO,62258,11908910,291,161240
3/28/21,IN,India,SEARO,62714,11971624,312,161552
3/29/21,IN,India,SEARO,68020,12039644,291,161843
3/30/21,IN,India,SEARO,56211,12095855,271,162114
3/31/21,IN,India,SEARO,53480,12149335,354,162468
4/1/21,IN,India,SEARO,72330,12221665,459,162927
4/2/21,IN,India,SEARO,81466,12303131,469,163396
4/3/21,IN,India,SEARO,89129,12392260,714,164110
4/4/21,IN,India,SEARO,93249,12485509,513,164623
4/5/21,IN,India,SEARO,103558,12589067,478,165101
4/6/21,IN,India,SEARO,96982,12686049,446,165547
4/7/21,IN,India,SEARO,115736,12801785,630,166177
4/8/21,IN,India,SEARO,126789,12928574,685,166862
4/9/21,IN,India,SEARO,131968,13060542,780,167642
4/10/21,IN,India,SEARO,145384,13205926,794,168436
4/11/21,IN,India,SEARO,152879,13358805,839,169275
4/12/21,IN,India,SEARO,168912,13527717,904,170179
4/13/21,IN,India,SEARO,161736,13689453,879,171058
4/14/21,IN,India,SEARO,184372,13873825,1027,172085
4/15/21,IN,India,SEARO,200739,14074564,1038,173123
4/16/21,IN,India,SEARO,217353,14291917,1185,174308
4/17/21,IN,India,SEARO,234692,14526609,1341,175649
4/18/21,IN,India,SEARO,261500,14788109,1501,177150
4/19/21,IN,India,SEARO,273810,15061919,1619,178769
4/20/21,IN,India,SEARO,259170,15321089,1761,180530
4/21/21,IN,India,SEARO,295041,15616130,2023,182553
4/22/21,IN,India,SEARO,314835,15930965,2104,184657
4/23/21,IN,India,SEARO,332730,16263695,2263,186920
4/24/21,IN,India,SEARO,346786,16610481,2624,189544
4/25/21,IN,India,SEARO,349691,16960172,2767,192311
4/26/21,IN,India,SEARO,352991,17313163,2812,195123
4/27/21,IN,India,SEARO,323144,17636307,2771,197894
4/28/21,IN,India,SEARO,360960,17997267,3293,201187
4/29/21,IN,India,SEARO,379257,18376524,3645,204832
4/30/21,IN,India,SEARO,386452,18762976,3498,208330
5/1/21,IN,India,SEARO,401993,19164969,3523,211853
5/2/21,IN,India,SEARO,392488,19557457,3689,215542
5/3/21,IN,India,SEARO,368147,19925604,3417,218959
5/4/21,IN,India,SEARO,357229,20282833,3449,222408
5/5/21,IN,India,SEARO,382315,20665148,3780,226188
5/6/21,IN,India,SEARO,412262,21077410,3980,230168
5/7/21,IN,India,SEARO,414188,21491598,3915,234083
5/8/21,IN,India,SEARO,401078,21892676,4187,238270
5/9/21,IN,India,SEARO,403738,22296414,4092,242362
5/10/21,IN,India,SEARO,366161,22662575,3754,246116
5/11/21,IN,India,SEARO,329942,22992517,3876,249992
5/12/21,IN,India,SEARO,348421,23340938,4205,254197
5/13/21,IN,India,SEARO,362727,23703665,4120,258317
5/14/21,IN,India,SEARO,343144,24046809,4000,262317
5/15/21,IN,India,SEARO,326098,24372907,3890,266207
5/16/21,IN,India,SEARO,311170,24684077,4077,270284
5/17/21,IN,India,SEARO,281386,24965463,4106,274390
5/18/21,IN,India,SEARO,263533,25228996,4329,278719
5/19/21,IN,India,SEARO,267334,25496330,4529,283248
5/20/21,IN,India,SEARO,276110,25772440,3874,287122
5/21/21,IN,India,SEARO,259551,26031991,4209,291331
5/22/21,IN,India,SEARO,257299,26289290,4194,295525
5/23/21,IN,India,SEARO,240842,26530132,3741,299266
5/24/21,IN,India,SEARO,222315,26752447,4454,303720
5/25/21,IN,India,SEARO,196427,26948874,3511,307231
5/26/21,IN,India,SEARO,208921,27157795,4157,311388
5/27/21,IN,India,SEARO,211298,27369093,3847,315235
5/28/21,IN,India,SEARO,186364,27555457,3660,318895
5/29/21,IN,India,SEARO,173790,27729247,3617,322512
5/30/21,IN,India,SEARO,165553,27894800,3460,325972
5/31/21,IN,India,SEARO,152734,28047534,3128,329100
6/1/21,IN,India,SEARO,127510,28175044,2795,331895
6/2/21,IN,India,SEARO,132788,28307832,3207,335102
6/3/21,IN,India,SEARO,134154,28441986,2887,337989
6/4/21,IN,India,SEARO,132364,28574350,2713,340702
6/5/21,IN,India,SEARO,120529,28694879,3380,344082
6/6/21,IN,India,SEARO,114460,28809339,2677,346759
6/7/21,IN,India,SEARO,100636,28909975,2427,349186
6/8/21,IN,India,SEARO,86498,28996473,2123,351309
6/9/21,IN,India,SEARO,92596,29089069,2219,353528
6/10/21,IN,India,SEARO,94052,29183121,6148,359676
6/11/21,IN,India,SEARO,91702,29274823,3403,363079
6/12/21,IN,India,SEARO,84332,29359155,4002,367081
6/13/21,IN,India,SEARO,80834,29439989,3303,370384
6/14/21,IN,India,SEARO,70421,29510410,3921,374305
6/15/21,IN,India,SEARO,60471,29570881,2726,377031
6/16/21,IN,India,SEARO,62224,29633105,2542,379573
6/17/21,IN,India,SEARO,67208,29700313,2330,381903
6/18/21,IN,India,SEARO,62480,29762793,1587,383490
6/19/21,IN,India,SEARO,60753,29823546,1647,385137
6/20/21,IN,India,SEARO,58419,29881965,1576,386713
6/21/21,IN,India,SEARO,53256,29935221,1422,388135
6/22/21,IN,India,SEARO,42640,29977861,1167,389302
6/23/21,IN,India,SEARO,50848,30028709,1358,390660
6/24/21,IN,India,SEARO,54069,30082778,1321,391981
6/25/21,IN,India,SEARO,51667,30134445,1329,393310
6/26/21,IN,India,SEARO,48698,30183143,1183,394493
6/27/21,IN,India,SEARO,50040,30233183,1258,395751
6/28/21,IN,India,SEARO,46148,30279331,979,396730
6/29/21,IN,India,SEARO,37566,30316897,907,397637
6/30/21,IN,India,SEARO,45951,30362848,817,398454
7/1/21,IN,India,SEARO,48786,30411634,1005,399459
7/2/21,IN,India,SEARO,46617,30458251,853,400312
7/3/21,IN,India,SEARO,44111,30502362,738,401050
7/4/21,IN,India,SEARO,43071,30545433,955,402005
7/5/21,IN,India,SEARO,39796,30585229,723,402728
7/6/21,IN,India,SEARO,34703,30619932,553,403281
7/7/21,IN,India,SEARO,43733,30663665,930,404211
7/8/21,IN,India,SEARO,45892,30709557,817,405028
7/9/21,IN,India,SEARO,43393,30752950,911,405939
7/10/21,IN,India,SEARO,42766,30795716,1206,407145
7/11/21,IN,India,SEARO,41506,30837222,895,408040
7/12/21,IN,India,SEARO,37154,30874376,724,408764
7/13/21,IN,India,SEARO,32906,30907282,2020,410784
7/14/21,IN,India,SEARO,38792,30946074,624,411408
7/15/21,IN,India,SEARO,41806,30987880,581,411989
7/16/21,IN,India,SEARO,38949,31026829,542,412531
7/17/21,IN,India,SEARO,38079,31064908,560,413091
7/18/21,IN,India,SEARO,41157,31106065,518,413609
7/19/21,IN,India,SEARO,38164,31144229,499,414108
7/20/21,IN,India,SEARO,30093,31174322,374,414482
7/21/21,IN,India,SEARO,42015,31216337,3998,418480
7/22/21,IN,India,SEARO,41383,31257720,507,418987
7/23/21,IN,India,SEARO,35342,31293062,483,419470
7/24/21,IN,India,SEARO,39097,31332159,546,420016
7/25/21,IN,India,SEARO,39742,31371901,535,420551
7/26/21,IN,India,SEARO,39361,31411262,416,420967
7/27/21,IN,India,SEARO,29689,31440951,415,421382
7/28/21,IN,India,SEARO,43654,31484605,640,422022
7/29/21,IN,India,SEARO,43509,31528114,640,422662
7/30/21,IN,India,SEARO,44230,31572344,555,423217
7/31/21,IN,India,SEARO,41649,31613993,593,423810
8/1/21,IN,India,SEARO,41831,31655824,541,424351
8/2/21,IN,India,SEARO,40134,31695958,422,424773
8/3/21,IN,India,SEARO,30549,31726507,422,425195
8/4/21,IN,India,SEARO,42625,31769132,562,425757
8/5/21,IN,India,SEARO,42982,31812114,533,426290
8/6/21,IN,India,SEARO,44643,31856757,464,426754
8/7/21,IN,India,SEARO,38628,31895385,617,427371
8/8/21,IN,India,SEARO,39070,31934455,491,427862
8/9/21,IN,India,SEARO,35499,31969954,447,428309
8/10/21,IN,India,SEARO,28204,31998158,373,428682
8/11/21,IN,India,SEARO,38353,32036511,497,429179
8/12/21,IN,India,SEARO,41195,32077706,490,429669
8/13/21,IN,India,SEARO,40120,32117826,585,430254
8/14/21,IN,India,SEARO,38667,32156493,478,430732
8/15/21,IN,India,SEARO,36083,32192576,493,431225
8/16/21,IN,India,SEARO,32937,32225513,417,431642
8/17/21,IN,India,SEARO,25166,32250679,437,432079
8/18/21,IN,India,SEARO,35178,32285857,440,432519
8/19/21,IN,India,SEARO,36401,32322258,530,433049
8/20/21,IN,India,SEARO,36571,32358829,540,433589
8/21/21,IN,India,SEARO,34457,32393286,375,433964
8/22/21,IN,India,SEARO,30948,32424234,403,434367
8/23/21,IN,India,SEARO,25072,32449306,389,434756
8/24/21,IN,India,SEARO,25467,32474773,354,435110
8/25/21,IN,India,SEARO,37593,32512366,648,435758
8/26/21,IN,India,SEARO,46164,32558530,607,436365
8/27/21,IN,India,SEARO,44658,32603188,496,436861
8/28/21,IN,India,SEARO,46759,32649947,509,437370
8/29/21,IN,India,SEARO,45083,32695030,460,437830
8/30/21,IN,India,SEARO,42909,32737939,380,438210
8/31/21,IN,India,SEARO,30941,32768880,350,438560
9/1/21,IN,India,SEARO,41965,32810845,460,439020
9/2/21,IN,India,SEARO,47092,32857937,509,439529
9/3/21,IN,India,SEARO,45352,32903289,366,439895
9/4/21,IN,India,SEARO,42618,32945907,330,440225
9/5/21,IN,India,SEARO,42766,32988673,308,440533
9/6/21,IN,India,SEARO,38948,33027621,219,440752
9/7/21,IN,India,SEARO,31222,33058843,290,441042
9/8/21,IN,India,SEARO,37875,33096718,369,441411
9/9/21,IN,India,SEARO,43263,33139981,338,441749
9/10/21,IN,India,SEARO,34973,33174954,260,442009
9/11/21,IN,India,SEARO,33376,33208330,308,442317
9/12/21,IN,India,SEARO,28591,33236921,338,442655
9/13/21,IN,India,SEARO,27254,33264175,219,442874
9/14/21,IN,India,SEARO,25404,33289579,339,443213
9/15/21,IN,India,SEARO,27176,33316755,284,443497
9/16/21,IN,India,SEARO,30570,33347325,431,443928
9/17/21,IN,India,SEARO,34403,33381728,320,444248
9/18/21,IN,India,SEARO,35662,33417390,281,444529
9/19/21,IN,India,SEARO,30773,33448163,309,444838
9/20/21,IN,India,SEARO,30256,33478419,295,445133
9/21/21,IN,India,SEARO,26115,33504534,252,445385
9/22/21,IN,India,SEARO,26964,33531498,383,445768
9/23/21,IN,India,SEARO,31923,33563421,282,446050
9/24/21,IN,India,SEARO,31382,33594803,318,446368
9/25/21,IN,India,SEARO,29616,33624419,290,446658
9/26/21,IN,India,SEARO,28326,33652745,260,446918
9/27/21,IN,India,SEARO,26041,33678786,276,447194
9/28/21,IN,India,SEARO,18795,33697581,179,447373
9/29/21,IN,India,SEARO,18870,33716451,378,447751
9/30/21,IN,India,SEARO,23529,33739980,311,448062
10/1/21,IN,India,SEARO,26727,33766707,277,448339
10/2/21,IN,India,SEARO,24354,33791061,234,448573
10/3/21,IN,India,SEARO,22842,33813903,244,448817
10/4/21,IN,India,SEARO,20799,33834702,180,448997
10/5/21,IN,India,SEARO,18346,33853048,263,449260
10/6/21,IN,India,SEARO,18833,33871881,278,449538
10/7/21,IN,India,SEARO,22431,33894312,318,449856
10/8/21,IN,India,SEARO,21257,33915569,271,450127
10/9/21,IN,India,SEARO,19740,33935309,248,450375
10/10/21,IN,India,SEARO,18166,33953475,214,450589
10/11/21,IN,India,SEARO,18132,33971607,193,450782
10/12/21,IN,India,SEARO,14313,33985920,181,450963
10/13/21,IN,India,SEARO,15823,34001743,226,451189
10/14/21,IN,India,SEARO,18987,34020730,246,451435
10/15/21,IN,India,SEARO,16862,34037592,379,451814
10/16/21,IN,India,SEARO,15981,34053573,166,451980
10/17/21,IN,India,SEARO,14146,34067719,144,452124
10/18/21,IN,India,SEARO,13596,34081315,166,452290
10/19/21,IN,India,SEARO,13058,34094373,164,452454
10/20/21,IN,India,SEARO,14623,34108996,197,452651
10/21/21,IN,India,SEARO,18454,34127450,160,452811
10/22/21,IN,India,SEARO,15786,34143236,231,453042
10/23/21,IN,India,SEARO,16326,34159562,666,453708
10/24/21,IN,India,SEARO,15906,34175468,561,454269
10/25/21,IN,India,SEARO,14306,34189774,443,454712
10/26/21,IN,India,SEARO,12428,34202202,356,455068
10/27/21,IN,India,SEARO,13451,34215653,585,455653
10/28/21,IN,India,SEARO,16156,34231809,733,456386
10/29/21,IN,India,SEARO,14348,34246157,805,457191
10/30/21,IN,India,SEARO,14313,34260470,549,457740
10/31/21,IN,India,SEARO,12830,34273300,446,458186
11/1/21,IN,India,SEARO,12514,34285814,251,458437
11/2/21,IN,India,SEARO,10423,34296237,443,458880
11/3/21,IN,India,SEARO,11903,34308140,311,459191
11/4/21,IN,India,SEARO,12885,34321025,461,459652
11/5/21,IN,India,SEARO,12729,34333754,221,459873
11/6/21,IN,India,SEARO,10929,34344683,392,460265
11/7/21,IN,India,SEARO,10853,34355536,526,460791
11/8/21,IN,India,SEARO,11451,34366987,266,461057
11/9/21,IN,India,SEARO,10126,34377113,332,461389
11/10/21,IN,India,SEARO,11466,34388579,460,461849
11/11/21,IN,India,SEARO,13091,34401670,340,462189
11/12/21,IN,India,SEARO,12516,34414186,501,462690
11/13/21,IN,India,SEARO,11850,34426036,555,463245
11/14/21,IN,India,SEARO,11271,34437307,285,463530
11/15/21,IN,India,SEARO,10229,34447536,125,463655
11/16/21,IN,India,SEARO,8865,34456401,197,463852
11/17/21,IN,India,SEARO,10197,34466598,301,464153
11/18/21,IN,India,SEARO,11919,34478517,470,464623
11/19/21,IN,India,SEARO,11106,34489623,459,465082
11/20/21,IN,India,SEARO,10302,34499925,267,465349
11/21/21,IN,India,SEARO,10488,34510413,313,465662
11/22/21,IN,India,SEARO,8488,34518901,249,465911
11/23/21,IN,India,SEARO,7579,34526480,236,466147
11/24/21,IN,India,SEARO,9283,34535763,437,466584
11/25/21,IN,India,SEARO,9119,34544882,396,466980
11/26/21,IN,India,SEARO,10549,34555431,488,467468
11/27/21,IN,India,SEARO,8318,34563749,465,467933
11/28/21,IN,India,SEARO,8774,34572523,621,468554
11/29/21,IN,India,SEARO,8309,34580832,236,468790
11/30/21,IN,India,SEARO,6990,34587822,190,468980
12/1/21,IN,India,SEARO,8954,34596776,267,469247
12/2/21,IN,India,SEARO,9765,34606541,477,469724
12/3/21,IN,India,SEARO,9216,34615757,391,470115
12/4/21,IN,India,SEARO,8603,34624360,415,470530
12/5/21,IN,India,SEARO,8895,34633255,2796,473326
12/6/21,IN,India,SEARO,8306,34641561,211,473537
12/7/21,IN,India,SEARO,6822,34648383,220,473757
12/8/21,IN,India,SEARO,8439,34656822,195,473952
12/9/21,IN,India,SEARO,9419,34666241,159,474111
12/10/21,IN,India,SEARO,8503,34674744,624,474735
12/11/21,IN,India,SEARO,7992,34682736,393,475128
12/12/21,IN,India,SEARO,7774,34690510,306,475434
12/13/21,IN,India,SEARO,7350,34697860,202,475636
12/14/21,IN,India,SEARO,5784,34703644,252,475888
12/15/21,IN,India,SEARO,6984,34710628,247,476135
12/16/21,IN,India,SEARO,7974,34718602,343,476478
12/17/21,IN,India,SEARO,7447,34726049,391,476869
12/18/21,IN,India,SEARO,7145,34733194,289,477158
12/19/21,IN,India,SEARO,7081,34740275,264,477422
12/20/21,IN,India,SEARO,6563,34746838,132,477554
12/21/21,IN,India,SEARO,5326,34752164,453,478007
12/22/21,IN,India,SEARO,6317,34758481,318,478325
12/23/21,IN,India,SEARO,7495,34765976,434,478759
12/24/21,IN,India,SEARO,6650,34772626,374,479133
12/25/21,IN,India,SEARO,7189,34779815,387,479520
12/26/21,IN,India,SEARO,6987,34786802,162,479682
12/27/21,IN,India,SEARO,6531,34793333,315,479997
12/28/21,IN,India,SEARO,6358,34799691,293,480290
12/29/21,IN,India,SEARO,9195,34808886,302,480592
12/30/21,IN,India,SEARO,13154,34822040,268,480860
12/31/21,IN,India,SEARO,16764,34838804,220,481080
1/1/22,IN,India,SEARO,22775,34861579,406,481486
1/2/22,IN,India,SEARO,27553,34889132,284,481770
1/3/22,IN,India,SEARO,33750,34922882,123,481893
1/4/22,IN,India,SEARO,37379,34960261,124,482017
1/5/22,IN,India,SEARO,58097,35018358,534,482551
1/6/22,IN,India,SEARO,90928,35109286,325,482876
1/7/22,IN,India,SEARO,117100,35226386,302,483178
1/8/22,IN,India,SEARO,141986,35368372,285,483463
1/9/22,IN,India,SEARO,159632,35528004,327,483790
1/10/22,IN,India,SEARO,179723,35707727,146,483936
1/11/22,IN,India,SEARO,168063,35875790,277,484213
1/12/22,IN,India,SEARO,194720,36070510,442,484655
1/13/22,IN,India,SEARO,247417,36317927,380,485035
1/14/22,IN,India,SEARO,264202,36582129,315,485350
1/15/22,IN,India,SEARO,268833,36850962,402,485752
1/16/22,IN,India,SEARO,271202,37122164,314,486066
1/17/22,IN,India,SEARO,258089,37380253,385,486451
1/18/22,IN,India,SEARO,238018,37618271,310,486761
1/19/22,IN,India,SEARO,282970,37901241,441,487202
1/20/22,IN,India,SEARO,317532,38218773,491,487693
1/21/22,IN,India,SEARO,347254,38566027,703,488396
1/22/22,IN,India,SEARO,337704,38903731,488,488884
1/23/22,IN,India,SEARO,333533,39237264,525,489409
1/24/22,IN,India,SEARO,306064,39543328,439,489848
1/25/22,IN,India,SEARO,255874,39799202,614,490462
1/26/22,IN,India,SEARO,285914,40085116,665,491127
1/27/22,IN,India,SEARO,286384,40371500,573,491700
1/28/22,IN,India,SEARO,251209,40622709,627,492327
1/29/22,IN,India,SEARO,235532,40858241,871,493198
1/30/22,IN,India,SEARO,234281,41092522,893,494091
1/31/22,IN,India,SEARO,209918,41302440,959,495050
2/1/22,IN,India,SEARO,167059,41469499,1192,496242
2/2/22,IN,India,SEARO,161386,41630885,1733,497975
2/3/22,IN,India,SEARO,172433,41803318,1008,498983
2/4/22,IN,India,SEARO,149394,41952712,1072,500055
2/5/22,IN,India,SEARO,127952,42080664,1059,501114
2/6/22,IN,India,SEARO,107474,42188138,865,501979
2/7/22,IN,India,SEARO,83876,42272014,895,502874
2/8/22,IN,India,SEARO,67597,42339611,1188,504062
2/9/22,IN,India,SEARO,71365,42410976,1217,505279
2/10/22,IN,India,SEARO,67084,42478060,1241,506520
2/11/22,IN,India,SEARO,58077,42536137,657,507177
2/12/22,IN,India,SEARO,50407,42586544,804,507981
2/13/22,IN,India,SEARO,44877,42631421,684,508665
2/14/22,IN,India,SEARO,34113,42665534,346,509011
2/15/22,IN,India,SEARO,27409,42692943,347,509358
2/16/22,IN,India,SEARO,30615,42723558,514,509872
2/17/22,IN,India,SEARO,30757,42754315,541,510413
2/18/22,IN,India,SEARO,25920,42780235,492,510905
2/19/22,IN,India,SEARO,22270,42802505,325,511230
2/20/22,IN,India,SEARO,19968,42822473,673,511903
2/21/22,IN,India,SEARO,16051,42838524,206,512109
2/22/22,IN,India,SEARO,13405,42851929,235,512344
2/23/22,IN,India,SEARO,15102,42867031,278,512622
2/24/22,IN,India,SEARO,14148,42881179,302,512924
2/25/22,IN,India,SEARO,13166,42894345,302,513226
2/26/22,IN,India,SEARO,11499,42905844,255,513481
2/27/22,IN,India,SEARO,10273,42916117,243,513724
2/28/22,IN,India,SEARO,8013,42924130,119,513843
3/1/22,IN,India,SEARO,6915,42931045,180,514023
3/2/22,IN,India,SEARO,7554,42938599,223,514246
3/3/22,IN,India,SEARO,6561,42945160,142,514388
3/4/22,IN,India,SEARO,6396,42951556,201,514589
3/5/22,IN,India,SEARO,5921,42957477,289,514878
3/6/22,IN,India,SEARO,5476,42962953,158,515036
3/7/22,IN,India,SEARO,4362,42967315,66,515102
3/8/22,IN,India,SEARO,3993,42971308,108,515210
3/9/22,IN,India,SEARO,4575,42975883,145,515355
3/10/22,IN,India,SEARO,4184,42980067,104,515459
3/11/22,IN,India,SEARO,4194,42984261,255,515714
3/12/22,IN,India,SEARO,3614,42987875,89,515803
3/13/22,IN,India,SEARO,3116,42990991,47,515850
3/14/22,IN,India,SEARO,2503,42993494,27,515877
3/15/22,IN,India,SEARO,2568,42996062,97,515974
3/16/22,IN,India,SEARO,2876,42998938,98,516072
3/17/22,IN,India,SEARO,2539,43001477,60,516132
3/18/22,IN,India,SEARO,2528,43004005,149,516281
3/19/22,IN,India,SEARO,2075,43006080,71,516352
3/20/22,IN,India,SEARO,1761,43007841,127,516479
3/21/22,IN,India,SEARO,1549,43009390,31,516510
3/22/22,IN,India,SEARO,1581,43010971,33,516543
3/23/22,IN,India,SEARO,1778,43012749,62,516605
3/24/22,IN,India,SEARO,1938,43014687,67,516672
3/25/22,IN,India,SEARO,1685,43016372,83,516755
3/26/22,IN,India,SEARO,1660,43018032,4100,520855
3/27/22,IN,India,SEARO,1421,43019453,149,521004
3/28/22,IN,India,SEARO,1270,43020723,31,521035
3/29/22,IN,India,SEARO,1259,43021982,35,521070
3/30/22,IN,India,SEARO,1233,43023215,31,521101
3/31/22,IN,India,SEARO,1225,43024440,28,521129
4/1/22,IN,India,SEARO,1335,43025775,52,521181
4/2/22,IN,India,SEARO,1260,43027035,83,521264
4/3/22,IN,India,SEARO,1096,43028131,81,521345
4/4/22,IN,India,SEARO,913,43029044,13,521358
4/5/22,IN,India,SEARO,795,43029839,58,521416
4/6/22,IN,India,SEARO,1086,43030925,71,521487
4/7/22,IN,India,SEARO,1033,43031958,43,521530
4/8/22,IN,India,SEARO,1109,43033067,43,521573
4/9/22,IN,India,SEARO,1150,43034217,83,521656
4/10/22,IN,India,SEARO,1054,43035271,29,521685
4/11/22,IN,India,SEARO,861,43036132,6,521691
4/12/22,IN,India,SEARO,796,43036928,19,521710
4/13/22,IN,India,SEARO,1088,43038016,26,521736
4/14/22,IN,India,SEARO,1007,43039023,1,521737
4/15/22,IN,India,SEARO,949,43039972,6,521743
4/16/22,IN,India,SEARO,975,43040947,4,521747
4/17/22,IN,India,SEARO,1150,43042097,4,521751
4/18/22,IN,India,SEARO,2183,43044280,214,521965
4/19/22,IN,India,SEARO,1247,43045527,1,521966
4/20/22,IN,India,SEARO,2067,43047594,40,522006
4/21/22,IN,India,SEARO,2380,43049974,56,522062
4/22/22,IN,India,SEARO,2451,43052425,54,522116
4/23/22,IN,India,SEARO,2527,43054952,33,522149
4/24/22,IN,India,SEARO,2593,43057545,44,522193
4/25/22,IN,India,SEARO,2541,43060086,30,522223
4/26/22,IN,India,SEARO,2483,43062569,1399,523622
4/27/22,IN,India,SEARO,2927,43065496,32,523654
4/28/22,IN,India,SEARO,3303,43068799,39,523693
4/29/22,IN,India,SEARO,3377,43072176,60,523753
4/30/22,IN,India,SEARO,3688,43075864,50,523803
5/1/22,IN,India,SEARO,3324,43079188,40,523843
5/2/22,IN,India,SEARO,3157,43082345,26,523869
5/3/22,IN,India,SEARO,2568,43084913,20,523889
5/4/22,IN,India,SEARO,3205,43088118,31,523920
5/5/22,IN,India,SEARO,3275,43091393,55,523975
5/6/22,IN,India,SEARO,3545,43094938,27,524002
5/7/22,IN,India,SEARO,3805,43098743,22,524024
5/8/22,IN,India,SEARO,3451,43102194,40,524064
5/9/22,IN,India,SEARO,3207,43105401,29,524093
5/10/22,IN,India,SEARO,2288,43107689,10,524103
5/11/22,IN,India,SEARO,2897,43110586,54,524157
5/12/22,IN,India,SEARO,2827,43113413,24,524181
5/13/22,IN,India,SEARO,2841,43116254,9,524190
5/14/22,IN,India,SEARO,2858,43119112,11,524201
5/15/22,IN,India,SEARO,2487,43121599,13,524214
5/16/22,IN,India,SEARO,2202,43123801,27,524241
5/17/22,IN,India,SEARO,1569,43125370,19,524260
5/18/22,IN,India,SEARO,1829,43127199,33,524293
5/19/22,IN,India,SEARO,2364,43129563,10,524303
5/20/22,IN,India,SEARO,2259,43131822,20,524323
5/21/22,IN,India,SEARO,2323,43134145,25,524348
5/22/22,IN,India,SEARO,2226,43136371,65,524413
5/23/22,IN,India,SEARO,2022,43138393,46,524459
5/24/22,IN,India,SEARO,1675,43140068,31,524490
5/25/22,IN,India,SEARO,2124,43142192,17,524507
5/26/22,IN,India,SEARO,2628,43144820,18,524525
5/27/22,IN,India,SEARO,2710,43147530,14,524539
5/28/22,IN,India,SEARO,2685,43150215,33,524572
5/29/22,IN,India,SEARO,2828,43153043,14,524586
5/30/22,IN,India,SEARO,2706,43155749,25,524611
5/31/22,IN,India,SEARO,2338,43158087,19,524630
6/1/22,IN,India,SEARO,2745,43160832,6,524636
6/2/22,IN,India,SEARO,3712,43164544,5,524641
6/3/22,IN,India,SEARO,4041,43168585,10,524651
6/4/22,IN,India,SEARO,3962,43172547,26,524677
6/5/22,IN,India,SEARO,4270,43176817,15,524692
6/6/22,IN,India,SEARO,4518,43181335,9,524701
6/7/22,IN,India,SEARO,3714,43185049,7,524708
6/8/22,IN,India,SEARO,5233,43190282,7,524715
6/9/22,IN,India,SEARO,7240,43197522,8,524723
6/10/22,IN,India,SEARO,7584,43205106,24,524747
6/11/22,IN,India,SEARO,8329,43213435,10,524757
6/12/22,IN,India,SEARO,8582,43222017,4,524761
6/13/22,IN,India,SEARO,8084,43230101,10,524771
6/14/22,IN,India,SEARO,6594,43236695,6,524777
6/15/22,IN,India,SEARO,8822,43245517,15,524792
6/16/22,IN,India,SEARO,12213,43257730,11,524803
6/17/22,IN,India,SEARO,12847,43270577,14,524817
6/18/22,IN,India,SEARO,13216,43283793,23,524840
6/19/22,IN,India,SEARO,12899,43296692,15,524855
6/20/22,IN,India,SEARO,12781,43309473,18,524873
6/21/22,IN,India,SEARO,9923,43319396,17,524890
6/22/22,IN,India,SEARO,12249,43331645,13,524903
6/23/22,IN,India,SEARO,13313,43344958,38,524941
6/24/22,IN,India,SEARO,17336,43362294,13,524954
6/25/22,IN,India,SEARO,15940,43378234,20,524974
6/26/22,IN,India,SEARO,11739,43389973,25,524999
6/27/22,IN,India,SEARO,17073,43407046,21,525020
6/28/22,IN,India,SEARO,11793,43418839,27,525047
6/29/22,IN,India,SEARO,14506,43433345,30,525077
6/30/22,IN,India,SEARO,18819,43452164,39,525116
7/1/22,IN,India,SEARO,17070,43469234,23,525139
7/2/22,IN,India,SEARO,17092,43486326,29,525168
7/3/22,IN,India,SEARO,16103,43502429,31,525199
7/4/22,IN,India,SEARO,16135,43518564,24,525223
7/5/22,IN,India,SEARO,13086,43531650,19,525242
7/6/22,IN,India,SEARO,16159,43547809,28,525270
7/7/22,IN,India,SEARO,18930,43566739,35,525305
7/8/22,IN,India,SEARO,18815,43585554,38,525343
7/9/22,IN,India,SEARO,18840,43604394,43,525386
7/10/22,IN,India,SEARO,18257,43622651,42,525428
7/11/22,IN,India,SEARO,16678,43639329,26,525454
7/12/22,IN,India,SEARO,13615,43652944,20,525474
7/13/22,IN,India,SEARO,16906,43669850,45,525519
7/14/22,IN,India,SEARO,20139,43689989,38,525557
7/15/22,IN,India,SEARO,20038,43710027,47,525604
7/16/22,IN,India,SEARO,20044,43730071,56,525660
7/17/22,IN,India,SEARO,20528,43750599,49,525709
7/18/22,IN,India,SEARO,16935,43767534,51,525760
7/19/22,IN,India,SEARO,15528,43783062,25,525785
7/20/22,IN,India,SEARO,20557,43803619,40,525825
7/21/22,IN,India,SEARO,21566,43825185,45,525870
7/22/22,IN,India,SEARO,21880,43847065,60,525930
7/23/22,IN,India,SEARO,21411,43868476,67,525997
7/24/22,IN,India,SEARO,20279,43888755,36,526033
7/25/22,IN,India,SEARO,16866,43905621,41,526074
7/26/22,IN,India,SEARO,14830,43920451,36,526110
7/27/22,IN,India,SEARO,18313,43938764,57,526167
7/28/22,IN,India,SEARO,20557,43959321,45,526212
7/29/22,IN,India,SEARO,20409,43979730,46,526258
7/30/22,IN,India,SEARO,20408,44000138,54,526312
7/31/22,IN,India,SEARO,19673,44019811,45,526357
8/1/22,IN,India,SEARO,16464,44036275,39,526396
8/2/22,IN,India,SEARO,13734,44050009,34,526430
8/3/22,IN,India,SEARO,17135,44067144,47,526477
8/4/22,IN,India,SEARO,19893,44087037,53,526530
8/5/22,IN,India,SEARO,20551,44107588,70,526600
8/6/22,IN,India,SEARO,19406,44126994,49,526649
8/7/22,IN,India,SEARO,18738,44145732,40,526689
8/8/22,IN,India,SEARO,16167,44161899,41,526730
8/9/22,IN,India,SEARO,12751,44174650,42,526772
8/10/22,IN,India,SEARO,16047,44190697,54,526826
8/11/22,IN,India,SEARO,16299,44206996,53,526879
8/12/22,IN,India,SEARO,16561,44223557,49,526928
8/13/22,IN,India,SEARO,15815,44239372,68,526996
8/14/22,IN,India,SEARO,14092,44253464,41,527037
8/15/22,IN,India,SEARO,14917,44268381,32,527069
8/16/22,IN,India,SEARO,8813,44277194,29,527098
8/17/22,IN,India,SEARO,9062,44286256,36,527134
8/18/22,IN,India,SEARO,12608,44298864,72,527206
8/19/22,IN,India,SEARO,15754,44314618,47,527253
8/20/22,IN,India,SEARO,13272,44327890,36,527289
8/21/22,IN,India,SEARO,11539,44339429,43,527332
8/22/22,IN,India,SEARO,9531,44348960,36,527368
8/23/22,IN,India,SEARO,8586,44357546,48,527416
8/24/22,IN,India,SEARO,10649,44368195,36,527452
8/25/22,IN,India,SEARO,10725,44378920,36,527488
8/26/22,IN,India,SEARO,10256,44389176,68,527556
8/27/22,IN,India,SEARO,9520,44398696,41,527597
8/28/22,IN,India,SEARO,9436,44408132,157,527754
8/29/22,IN,India,SEARO,7591,44415723,45,527799
8/30/22,IN,India,SEARO,5439,44421162,30,527829
8/31/22,IN,India,SEARO,7231,44428393,45,527874
9/1/22,IN,India,SEARO,7946,44436339,37,527911
9/2/22,IN,India,SEARO,6168,44442507,21,527932
9/3/22,IN,India,SEARO,7211,44449718,25,527957
9/4/22,IN,India,SEARO,6817,44456535,34,527991
9/5/22,IN,India,SEARO,5910,44462445,16,528007
9/6/22,IN,India,SEARO,4417,44466862,23,528030
9/7/22,IN,India,SEARO,5379,44472241,27,528057
9/8/22,IN,India,SEARO,6395,44478636,33,528090
9/9/22,IN,India,SEARO,6093,44484729,31,528121
9/10/22,IN,India,SEARO,5554,44490283,18,528139
9/11/22,IN,India,SEARO,5076,44495359,11,528150
9/12/22,IN,India,SEARO,5221,44500580,15,528165
9/13/22,IN,India,SEARO,4369,44504949,20,528185
9/14/22,IN,India,SEARO,5108,44510057,31,528216
9/15/22,IN,India,SEARO,6422,44516479,34,528250
9/16/22,IN,India,SEARO,6298,44522777,23,528273
9/17/22,IN,India,SEARO,5747,44528524,29,528302
9/18/22,IN,India,SEARO,5664,44534188,35,528337
9/19/22,IN,India,SEARO,4858,44539046,18,528355
9/20/22,IN,India,SEARO,4043,44543089,15,528370
9/21/22,IN,India,SEARO,4510,44547599,33,528403
9/22/22,IN,India,SEARO,5443,44553042,26,528429
9/23/22,IN,India,SEARO,5383,44558425,20,528449
9/24/22,IN,India,SEARO,4912,44563337,38,528487
9/25/22,IN,India,SEARO,4777,44568114,23,528510
9/26/22,IN,India,SEARO,4129,44572243,20,528530
9/27/22,IN,India,SEARO,3230,44575473,32,528562
9/28/22,IN,India,SEARO,3615,44579088,22,528584
9/29/22,IN,India,SEARO,4272,44583360,27,528611
9/30/22,IN,India,SEARO,3947,44587307,18,528629
10/1/22,IN,India,SEARO,3805,44591112,26,528655
10/2/22,IN,India,SEARO,3375,44594487,18,528673
10/3/22,IN,India,SEARO,3011,44597498,28,528701
10/4/22,IN,India,SEARO,1968,44599466,15,528716
10/5/22,IN,India,SEARO,2468,44601934,17,528733
10/6/22,IN,India,SEARO,2529,44604463,12,528745
10/7/22,IN,India,SEARO,1997,44606460,9,528754
10/8/22,IN,India,SEARO,2797,44609257,24,528778
10/9/22,IN,India,SEARO,2756,44612013,21,528799
10/10/22,IN,India,SEARO,2424,44614437,15,528814
10/11/22,IN,India,SEARO,1957,44616394,8,528822
10/12/22,IN,India,SEARO,2139,44618533,13,528835
10/13/22,IN,India,SEARO,2786,44621319,12,528847
10/14/22,IN,India,SEARO,2678,44623997,10,528857
10/15/22,IN,India,SEARO,2430,44626427,17,528874
10/16/22,IN,India,SEARO,2401,44628828,21,528895
10/17/22,IN,India,SEARO,2060,44630888,10,528905
10/18/22,IN,India,SEARO,1542,44632430,8,528913
10/19/22,IN,India,SEARO,1946,44634376,10,528923
10/20/22,IN,India,SEARO,2141,44636517,20,528943
10/21/22,IN,India,SEARO,2119,44638636,10,528953
10/22/22,IN,India,SEARO,2112,44640748,4,528957
10/23/22,IN,India,SEARO,1994,44642742,4,528961
10/24/22,IN,India,SEARO,1334,44644076,16,528977
10/25/22,IN,India,SEARO,862,44644938,3,528980
10/26/22,IN,India,SEARO,830,44645768,1,528981
10/27/22,IN,India,SEARO,1112,44646880,6,528987
10/28/22,IN,India,SEARO,2208,44649088,12,528999
10/29/22,IN,India,SEARO,1574,44650662,9,529008
10/30/22,IN,India,SEARO,1604,44652266,8,529016
10/31/22,IN,India,SEARO,1326,44653592,8,529024
11/1/22,IN,India,SEARO,1046,44654638,53,529077
11/2/22,IN,India,SEARO,1190,44655828,1375,530452
11/3/22,IN,India,SEARO,1321,44657149,9,530461
11/4/22,IN,India,SEARO,1216,44658365,18,530479
11/5/22,IN,India,SEARO,1082,44659447,7,530486
11/6/22,IN,India,SEARO,1132,44660579,14,530500
11/7/22,IN,India,SEARO,937,44661516,9,530509
11/8/22,IN,India,SEARO,625,44662141,0,530509
11/9/22,IN,India,SEARO,811,44662952,2,530511
11/10/22,IN,India,SEARO,1016,44663968,3,530514
11/11/22,IN,India,SEARO,842,44664810,6,530520
11/12/22,IN,India,SEARO,833,44665643,8,530528
11/13/22,IN,India,SEARO,734,44666377,3,530531
11/14/22,IN,India,SEARO,547,44666924,1,530532
11/15/22,IN,India,SEARO,-749,44666175,1,530533
11/16/22,IN,India,SEARO,501,44666676,2,530535
11/17/22,IN,India,SEARO,635,44667311,11,530546
11/18/22,IN,India,SEARO,656,44667967,7,530553
11/19/22,IN,India,SEARO,556,44668523,17,530570
11/20/22,IN,India,SEARO,492,44669015,4,530574
11/21/22,IN,India,SEARO,406,44669421,12,530586
11/22/22,IN,India,SEARO,294,44669715,5,530591
11/23/22,IN,India,SEARO,360,44670075,5,530596
11/24/22,IN,India,SEARO,408,44670483,5,530601
11/25/22,IN,India,SEARO,347,44670830,3,530604
11/26/22,IN,India,SEARO,389,44671219,4,530608
11/27/22,IN,India,SEARO,343,44671562,4,530612
11/28/22,IN,India,SEARO,291,44671853,2,530614
11/29/22,IN,India,SEARO,215,44672068,1,530615
11/30/22,IN,India,SEARO,279,44672347,5,530620
12/1/22,IN,India,SEARO,291,44672638,2,530622
12/2/22,IN,India,SEARO,275,44672913,2,530624
12/3/22,IN,India,SEARO,253,44673166,3,530627
12/4/22,IN,India,SEARO,226,44673392,1,530628
12/5/22,IN,India,SEARO,226,44673618,2,530630
12/6/22,IN,India,SEARO,165,44673783,3,530633
12/7/22,IN,India,SEARO,166,44673949,5,530638
12/8/22,IN,India,SEARO,241,44674190,9,530647
12/9/22,IN,India,SEARO,249,44674439,6,530653
12/10/22,IN,India,SEARO,210,44674649,1,530654
12/11/22,IN,India,SEARO,173,44674822,4,530658
12/12/22,IN,India,SEARO,159,44674981,0,530658
12/13/22,IN,India,SEARO,114,44675095,0,530658
12/14/22,IN,India,SEARO,152,44675247,0,530658
12/15/22,IN,India,SEARO,200,44675447,5,530663
12/16/22,IN,India,SEARO,162,44675609,0,530663
12/17/22,IN,India,SEARO,167,44675776,4,530667
12/18/22,IN,India,SEARO,176,44675952,5,530672
12/19/22,IN,India,SEARO,135,44676087,2,530674
12/20/22,IN,India,SEARO,112,44676199,3,530677
12/21/22,IN,India,SEARO,131,44676330,3,530680
12/22/22,IN,India,SEARO,185,44676515,1,530681
12/23/22,IN,India,SEARO,163,44676678,9,530690
12/24/22,IN,India,SEARO,201,44676879,1,530691
12/25/22,IN,India,SEARO,227,44677106,2,530693
12/26/22,IN,India,SEARO,196,44677302,2,530695
12/27/22,IN,India,SEARO,157,44677459,1,530696
12/28/22,IN,India,SEARO,188,44677647,0,530696
12/29/22,IN,India,SEARO,268,44677915,2,530698
12/30/22,IN,India,SEARO,243,44678158,1,530699
12/31/22,IN,India,SEARO,226,44678384,3,530702
1/1/23,IN,India,SEARO,265,44678649,3,530705
1/2/23,IN,India,SEARO,173,44678822,2,530707
1/3/23,IN,India,SEARO,134,44678956,0,530707
1/4/23,IN,India,SEARO,175,44679131,0,530707
1/5/23,IN,India,SEARO,188,44679319,3,530710
1/6/23,IN,India,SEARO,228,44679547,4,530714
1/7/23,IN,India,SEARO,214,44679761,4,530718
1/8/23,IN,India,SEARO,163,44679924,2,530720
1/9/23,IN,India,SEARO,170,44680094,1,530721
1/10/23,IN,India,SEARO,121,44680215,1,530722
1/11/23,IN,India,SEARO,171,44680386,0,530722
1/12/23,IN,India,SEARO,197,44680583,1,530723
1/13/23,IN,India,SEARO,174,44680757,2,530725
1/14/23,IN,India,SEARO,179,44680936,1,530726
1/15/23,IN,India,SEARO,104,44681040,0,530726
1/16/23,IN,India,SEARO,114,44681154,0,530726
1/17/23,IN,India,SEARO,79,44681233,0,530726
1/18/23,IN,India,SEARO,138,44681371,2,530728
1/19/23,IN,India,SEARO,134,44681505,0,530728
1/20/23,IN,India,SEARO,145,44681650,0,530728
1/21/23,IN,India,SEARO,131,44681781,2,530730
1/22/23,IN,India,SEARO,140,44681921,3,530733
1/23/23,IN,India,SEARO,94,44682015,2,530735
1/24/23,IN,India,SEARO,89,44682104,2,530737
1/25/23,IN,India,SEARO,102,44682206,0,530737
1/26/23,IN,India,SEARO,132,44682338,1,530738
1/27/23,IN,India,SEARO,99,44682437,1,530739
1/28/23,IN,India,SEARO,93,44682530,0,530739
1/29/23,IN,India,SEARO,109,44682639,1,530740
1/30/23,IN,India,SEARO,80,44682719,0,530740
1/31/23,IN,India,SEARO,65,44682784,0,530740
2/1/23,IN,India,SEARO,111,44682895,0,530740
2/2/23,IN,India,SEARO,128,44683023,1,530741
2/3/23,IN,India,SEARO,99,44683122,0,530741
2/4/23,IN,India,SEARO,128,44683250,0,530741
2/5/23,IN,India,SEARO,113,44683363,4,530745
2/6/23,IN,India,SEARO,91,44683454,0,530745
2/7/23,IN,India,SEARO,89,44683543,0,530745
2/8/23,IN,India,SEARO,96,44683639,1,530746
2/9/23,IN,India,SEARO,109,44683748,2,530748
2/10/23,IN,India,SEARO,114,44683862,2,530750
2/11/23,IN,India,SEARO,132,44683994,0,530750
2/12/23,IN,India,SEARO,124,44684118,0,530750
2/13/23,IN,India,SEARO,79,44684197,0,530750
2/14/23,IN,India,SEARO,77,44684274,3,530753
2/15/23,IN,India,SEARO,102,44684376,3,530756
2/16/23,IN,India,SEARO,126,44684502,1,530757
2/17/23,IN,India,SEARO,156,44684658,0,530757
2/18/23,IN,India,SEARO,117,44684775,0,530757
2/19/23,IN,India,SEARO,142,44684917,3,530760
2/20/23,IN,India,SEARO,120,44685037,1,530761
2/21/23,IN,India,SEARO,95,44685132,0,530761
2/22/23,IN,India,SEARO,125,44685257,1,530762
2/23/23,IN,India,SEARO,193,44685450,1,530763
2/24/23,IN,India,SEARO,169,44685619,1,530764
2/25/23,IN,India,SEARO,180,44685799,0,530764
2/26/23,IN,India,SEARO,218,44686017,5,530769
2/27/23,IN,India,SEARO,185,44686202,1,530770
2/28/23,IN,India,SEARO,169,44686371,1,530771
3/1/23,IN,India,SEARO,240,44686611,1,530772
3/2/23,IN,India,SEARO,268,44686879,0,530772
3/3/23,IN,India,SEARO,283,44687162,0,530772
3/4/23,IN,India,SEARO,334,44687496,3,530775
3/5/23,IN,India,SEARO,324,44687820,0,530775
3/6/23,IN,India,SEARO,281,44688101,0,530775
3/7/23,IN,India,SEARO,266,44688367,0,530775
3/8/23,IN,India,SEARO,326,44688693,0,530775
3/9/23,IN,India,SEARO,379,44689072,1,530776
3/10/23,IN,India,SEARO,440,44689512,3,530779
3/11/23,IN,India,SEARO,456,44689968,1,530780
3/12/23,IN,India,SEARO,524,44690492,1,530781
3/13/23,IN,India,SEARO,444,44690936,1,530782
3/14/23,IN,India,SEARO,402,44691338,2,530784
3/15/23,IN,India,SEARO,618,44691956,5,530789
3/16/23,IN,India,SEARO,754,44692710,1,530790
3/17/23,IN,India,SEARO,796,44693506,5,530795
3/18/23,IN,India,SEARO,843,44694349,4,530799
3/19/23,IN,India,SEARO,1071,44695420,3,530802
3/20/23,IN,India,SEARO,918,44696338,4,530806
3/21/23,IN,India,SEARO,646,44696984,2,530808
3/22/23,IN,India,SEARO,1134,44698118,5,530813
3/23/23,IN,India,SEARO,1300,44699418,3,530816
3/24/23,IN,India,SEARO,1249,44700667,2,530818
3/25/23,IN,India,SEARO,1590,44702257,6,530824
3/26/23,IN,India,SEARO,1890,44704147,7,530831
3/27/23,IN,India,SEARO,1805,44705952,6,530837
3/28/23,IN,India,SEARO,1573,44707525,4,530841
3/29/23,IN,India,SEARO,2151,44709676,7,530848
3/30/23,IN,India,SEARO,3016,44712692,14,530862
3/31/23,IN,India,SEARO,3094,44715786,5,530867
4/1/23,IN,India,SEARO,2995,44718781,9,530876
4/2/23,IN,India,SEARO,3824,44722605,5,530881
4/3/23,IN,India,SEARO,3641,44726246,11,530892
4/4/23,IN,India,SEARO,3038,44729284,9,530901
4/5/23,IN,India,SEARO,4435,44733719,15,530916
4/6/23,IN,India,SEARO,5335,44739054,13,530929
4/7/23,IN,India,SEARO,6050,44745104,14,530943
4/8/23,IN,India,SEARO,6155,44751259,11,530954
4/9/23,IN,India,SEARO,5357,44756616,11,530965
4/10/23,IN,India,SEARO,5880,44762496,14,530979
4/11/23,IN,India,SEARO,5676,44768172,21,531000
4/12/23,IN,India,SEARO,7830,44776002,16,531016
4/13/23,IN,India,SEARO,10158,44786160,19,531035
4/14/23,IN,India,SEARO,11109,44797269,29,531064
4/15/23,IN,India,SEARO,10753,44808022,27,531091
4/16/23,IN,India,SEARO,10093,44818115,23,531114
4/17/23,IN,India,SEARO,9111,44827226,27,531141
4/18/23,IN,India,SEARO,7633,44834859,11,531152
4/19/23,IN,India,SEARO,10542,44845401,38,531190
4/20/23,IN,India,SEARO,12591,44857992,40,531230
4/21/23,IN,India,SEARO,11692,44869684,28,531258
4/22/23,IN,India,SEARO,12193,44881877,42,531300
4/23/23,IN,India,SEARO,10112,44891989,29,531329
4/24/23,IN,India,SEARO,6904,44898893,16,531345
4/25/23,IN,India,SEARO,6934,44905827,24,531369
4/26/23,IN,India,SEARO,9629,44915456,29,531398
4/27/23,IN,India,SEARO,9355,44924811,26,531424
4/28/23,IN,India,SEARO,7533,44932344,44,531468
4/29/23,IN,India,SEARO,7171,44939515,40,531508
4/30/23,IN,India,SEARO,5874,44945389,25,531533
5/1/23,IN,India,SEARO,4282,44949671,14,531547
5/2/23,IN,India,SEARO,3325,44952996,17,531564
5/3/23,IN,India,SEARO,3720,44956716,20,531584
5/4/23,IN,India,SEARO,3962,44960678,22,531606
5/5/23,IN,India,SEARO,3611,44964289,36,531642
5/6/23,IN,India,SEARO,2961,44967250,17,531659
5/7/23,IN,India,SEARO,2380,44969630,21,531680
5/8/23,IN,India,SEARO,1839,44971469,12,531692
5/9/23,IN,India,SEARO,1331,44972800,15,531707
5/10/23,IN,India,SEARO,2109,44974909,15,531722
5/11/23,IN,India,SEARO,1690,44976599,14,531736
5/12/23,IN,India,SEARO,1580,44978179,17,531753
5/13/23,IN,India,SEARO,1223,44979402,14,531767
5/14/23,IN,India,SEARO,1272,44980674,3,531770
5/15/23,IN,India,SEARO,801,44981475,8,531778
5/16/23,IN,India,SEARO,656,44982131,12,531790
5/17/23,IN,India,SEARO,1021,44983152,4,531794
5/18/23,IN,India,SEARO,906,44984058,20,531814
5/19/23,IN,India,SEARO,865,44984923,4,531818
5/20/23,IN,India,SEARO,782,44985705,6,531824
5/21/23,IN,India,SEARO,756,44986461,8,531832
5/22/23,IN,India,SEARO,473,44986934,7,531839
5/23/23,IN,India,SEARO,405,44987339,4,531843
5/24/23,IN,India,SEARO,552,44987891,6,531849
5/25/23,IN,India,SEARO,535,44988426,5,531854
5/26/23,IN,India,SEARO,490,44988916,2,531856
5/27/23,IN,India,SEARO,425,44989341,3,531859
5/28/23,IN,India,SEARO,403,44989744,5,531864
5/29/23,IN,India,SEARO,310,44990054,2,531866
5/30/23,IN,India,SEARO,224,44990278,1,531867
5/31/23,IN,India,SEARO,310,44990588,3,531870
6/1/23,IN,India,SEARO,288,44990876,2,531872
6/2/23,IN,India,SEARO,267,44991143,2,531874
6/3/23,IN,India,SEARO,237,44991380,4,531878
6/4/23,IN,India,SEARO,202,44991582,2,531880
6/5/23,IN,India,SEARO,174,44991756,2,531882
6/6/23,IN,India,SEARO,124,44991880,2,531884
6/7/23,IN,India,SEARO,214,44992094,0,531884
6/8/23,IN,India,SEARO,199,44992293,2,531886
6/9/23,IN,India,SEARO,169,44992462,2,531888
6/10/23,IN,India,SEARO,186,44992648,0,531888
6/11/23,IN,India,SEARO,140,44992788,3,531891
6/12/23,IN,India,SEARO,92,44992880,0,531891
6/13/23,IN,India,SEARO,80,44992960,1,531892
6/14/23,IN,India,SEARO,120,44993080,0,531892
6/15/23,IN,India,SEARO,106,44993186,1,531893
6/16/23,IN,India,SEARO,96,44993282,0,531893
6/17/23,IN,India,SEARO,108,44993390,0,531893
6/18/23,IN,India,SEARO,90,44993480,2,531895
6/19/23,IN,India,SEARO,63,44993543,1,531896
6/20/23,IN,India,SEARO,36,44993579,1,531897
6/21/23,IN,India,SEARO,92,44993671,1,531898
6/22/23,IN,India,SEARO,95,44993766,2,531900
6/23/23,IN,India,SEARO,51,44993817,2,531902
6/24/23,IN,India,SEARO,55,44993872,1,531903
6/25/23,IN,India,SEARO,80,44993952,0,531903
6/26/23,IN,India,SEARO,47,44993999,0,531903
6/27/23,IN,India,SEARO,33,44994032,0,531903
6/28/23,IN,India,SEARO,65,44994097,2,531905
6/29/23,IN,India,SEARO,47,44994144,0,531905
6/30/23,IN,India,SEARO,44,44994188,0,531905
7/1/23,IN,India,SEARO,40,44994228,1,531906
7/2/23,IN,India,SEARO,53,44994281,1,531907
7/3/23,IN,India,SEARO,44,44994325,1,531908
7/4/23,IN,India,SEARO,26,44994351,0,531908
7/5/23,IN,India,SEARO,56,44994407,2,531910
7/6/23,IN,India,SEARO,42,44994449,0,531910
7/7/23,IN,India,SEARO,45,44994494,2,531912
7/8/23,IN,India,SEARO,49,44994543,0,531912
7/9/23,IN,India,SEARO,32,44994575,1,531913
7/10/23,IN,India,SEARO,24,44994599,0,531913
7/11/23,IN,India,SEARO,20,44994619,0,531913
7/12/23,IN,India,SEARO,46,44994665,0,531913
7/13/23,IN,India,SEARO,48,44994713,0,531913
7/14/23,IN,India,SEARO,52,44994765,1,531914
7/15/23,IN,India,SEARO,54,44994819,0,531914
7/16/23,IN,India,SEARO,59,44994878,1,531915
7/17/23,IN,India,SEARO,43,44994921,0,531915
7/18/23,IN,India,SEARO,34,44994955,0,531915
7/19/23,IN,India,SEARO,0,44994955,0,531915